Comic_ID,Publish Date,Comic-book Title,Price,Publisher,Est. units,Total
3151400,2014,Amazing Spider-Man,5.99,Marvel,559217.0,3349709.83
3151401,2014,Rocket Raccoon,3.99,Marvel,310990.0,1240850.1
3151402,2014,Death of Wolverine,4.99,Marvel,274022.0,1367369.78
3151403,2014,Death of Wolverine,4.99,Marvel,170839.0,852486.61
3151404,2014,Thor,3.99,Marvel,166217.0,663205.8300000001
3151405,2014,Original Sin,4.99,Marvel,154773.0,772317.27
3151406,2014,Death of Wolverine,4.99,Marvel,148930.0,743160.7000000001
3151407,2014,Death of Wolverine,4.99,Marvel,147240.0,734727.6
3151408,2014,Superior Spider-Man,5.99,Marvel,141818.0,849489.8200000001
3151409,2014,Avengers and X-Men Axis,4.99,Marvel,140459.0,700890.41
31514010,2014,Amazing Spider-Man,3.99,Marvel,137680.0,549343.2000000001
31514011,2014,Amazing Spider-Man,4.99,Marvel,135692.0,677103.0800000001
31514012,2014,All New Captain America,3.99,Marvel,123597.0,493152.03
31514013,2014,Amazing Spider-Man,3.99,Marvel,123089.0,491125.11000000004
31514014,2014,Amazing Spider-Man,3.99,Marvel,118448.0,472607.52
31514015,2014,Amazing Spider-Man,3.99,Marvel,116999.0,466826.01
31514016,2014,Amazing Spider-Man,3.99,Marvel,115513.0,460896.87000000005
31514017,2014,Original Sin,3.99,Marvel,105582.0,421272.18000000005
31514018,2014,Avengers,4.99,Marvel,105509.0,526489.91
31514019,2014,Amazing Spider-Man,3.99,Marvel,105114.0,419404.86000000004
31514020,2014,Amazing Spider-Man,3.99,Marvel,104739.0,417908.61000000004
31514021,2014,Amazing Spider-Man,3.99,Marvel,102364.0,408432.36000000004
31514022,2014,Amazing Spider-Man,3.99,Marvel,101316.0,404250.84
31514023,2014,Original Sin,3.99,Marvel,99783.0,398134.17000000004
31514024,2014,Spider-Man 2099,3.99,Marvel,98632.0,393541.68
31514025,2014,Spider-Woman,3.99,Marvel,96778.0,386144.22000000003
31514026,2014,Amazing Spider-Man,3.99,Marvel,96272.0,384125.28
31514027,2014,Original Sin,3.99,Marvel,95551.0,381248.49000000005
31514028,2014,Shield,4.99,Marvel,94503.0,471569.97000000003
31514029,2014,Original Sin,3.99,Marvel,94287.0,376205.13
31514030,2014,Wolverine,3.99,Marvel,94279.0,376173.21
31514031,2014,Original Sin,3.99,Marvel,93187.0,371816.13
31514032,2014,Thor,3.99,Marvel,92657.0,369701.43
31514033,2014,Original Sin,3.99,Marvel,91697.0,365871.03
31514034,2014,Original Sin,4.99,Marvel,90777.0,452977.23000000004
31514035,2014,Avengers and X-Men Axis,3.99,Marvel,90371.0,360580.29000000004
31514036,2014,Superior Spider-Man,3.99,Marvel,89258.0,356139.42000000004
31514037,2014,Superior Spider-Man,4.99,Marvel,89079.0,444504.21
31514038,2014,Avengers World,3.99,Marvel,88948.0,354902.52
31514039,2014,Legendary Star Lord,3.99,Marvel,88795.0,354292.05000000005
31514040,2014,Avengers and X-Men Axis,3.99,Marvel,87751.0,350126.49
31514041,2014,Superior Iron Man,3.99,Marvel,87725.0,350022.75
31514042,2014,Amazing Spider-Man,3.99,Marvel,87358.0,348558.42000000004
31514043,2014,Superior Spider-Man,3.99,Marvel,87229.0,348043.71
31514044,2014,Original Sin,4.99,Marvel,85761.0,427947.39
31514045,2014,Superior Spider-Man,4.99,Marvel,80964.0,404010.36000000004
31514046,2014,All New X-Men,3.99,Marvel,80204.0,320013.96
31514047,2014,Avengers and X-Men Axis,3.99,Marvel,79963.0,319052.37
31514048,2014,Daredevil,3.99,Marvel,78620.0,313693.8
31514049,2014,Superior Spider-Man,3.99,Marvel,78137.0,311766.63
31514050,2014,Superior Spider-Man,3.99,Marvel,77638.0,309775.62
31514051,2014,Superior Spider-Man,3.99,Marvel,76544.0,305410.56
31514052,2014,Avengers and X-Men Axis,3.99,Marvel,76463.0,305087.37
31514053,2014,Hulk,3.99,Marvel,76364.0,304692.36000000004
31514054,2014,Captain America,4.99,Marvel,75583.0,377159.17000000004
31514055,2014,Ms Marvel,2.99,Marvel,75280.0,225087.2
31514056,2014,Avengers and X-Men Axis,3.99,Marvel,74868.0,298723.32
31514057,2014,Amazing Spider-Man,3.99,Marvel,74743.0,298224.57
31514058,2014,Superior Spider-Man,4.99,Marvel,73916.0,368840.84
31514059,2014,Death of Wolverine Logan Legacy,3.99,Marvel,73236.0,292211.64
31514060,2014,Thor,3.99,Marvel,72563.0,289526.37
31514061,2014,Spider-Verse,4.99,Marvel,72295.0,360752.05
31514062,2014,Moon Knight,3.99,Marvel,72092.0,287647.08
31514063,2014,Silver Surfer,3.99,Marvel,71355.0,284706.45
31514064,2014,Amazing Spider-Man Annual,4.99,Marvel,71284.0,355707.16000000003
31514065,2014,Amazing Spider-Man,3.99,Marvel,71167.0,283956.33
31514066,2014,Avengers and X-Men Axis,3.99,Marvel,70194.0,280074.06
31514067,2014,Edge of Spider-Verse,3.99,Marvel,70107.0,279726.93
31514068,2014,Avengers and X-Men Axis,4.99,Marvel,69518.0,346894.82
31514069,2014,Avengers and X-Men Axis,3.99,Marvel,69449.0,277101.51
31514070,2014,Fantastic Four,3.99,Marvel,68963.0,275162.37
31514071,2014,Origin II,3.99,Marvel,67379.0,268842.21
31514072,2014,All New X-Men,3.99,Marvel,67129.0,267844.71
31514073,2014,Guardians of Galaxy,3.99,Marvel,66977.0,267238.23000000004
31514074,2014,Avengers,3.99,Marvel,66213.0,264189.87
31514075,2014,Winter Soldier Bitter March,3.99,Marvel,65731.0,262266.69
31514076,2014,Uncanny X-Men,3.99,Marvel,65286.0,260491.14
31514077,2014,Guardians of Galaxy,3.99,Marvel,65197.0,260136.03000000003
31514078,2014,Amazing Spider-Man,3.99,Marvel,64772.0,258440.28000000003
31514079,2014,Deadpool,9.99,Marvel,64557.0,644924.43
31514080,2014,All New X-Men,3.99,Marvel,64477.0,257263.23
31514081,2014,All New X-Men,4.99,Marvel,64343.0,321071.57
31514082,2014,Uncanny Avengers,3.99,Marvel,64283.0,256489.17
31514083,2014,Rocket Raccoon,3.99,Marvel,63877.0,254869.23
31514084,2014,Magneto,3.99,Marvel,63840.0,254721.6
31514085,2014,Edge of Spider-Verse,3.99,Marvel,63591.0,253728.09000000003
31514086,2014,All New X-Men,3.99,Marvel,63384.0,252902.16
31514087,2014,Uncanny X-Men,3.99,Marvel,63312.0,252614.88
31514088,2014,Guardians of Galaxy,3.99,Marvel,63077.0,251677.23
31514089,2014,All New X-Men,3.99,Marvel,63024.0,251465.76
31514090,2014,Inhuman,3.99,Marvel,62339.0,248732.61000000002
31514091,2014,Guardians of Galaxy,3.99,Marvel,62285.0,248517.15000000002
31514092,2014,Spider-Man and X-Men,3.99,Marvel,61952.0,247188.48
31514093,2014,Deadpool Vs. Carnage,3.99,Marvel,61740.0,246342.6
31514094,2014,Guardians of Galaxy,3.99,Marvel,61547.0,245572.53
31514095,2014,Angela Asgards Assassin,3.99,Marvel,61398.0,244978.02000000002
31514096,2014,Captain America and Mighty Avengers,3.99,Marvel,60824.0,242687.76
31514097,2014,Avengers,4.99,Marvel,60745.0,303117.55
31514098,2014,Superior Spider-Man Annual,4.99,Marvel,60475.0,301770.25
31514099,2014,All New X-Men,3.99,Marvel,60171.0,240082.29
315140100,2014,Avengers,3.99,Marvel,60056.0,239623.44
315140101,2014,All New X-Men,3.99,Marvel,59893.0,238973.07
315140102,2014,Avengers,3.99,Marvel,59781.0,238526.19
315140103,2014,Punisher,3.99,Marvel,59332.0,236734.68000000002
315140104,2014,Black Widow,3.99,Marvel,59099.0,235805.01
315140105,2014,Deadpool,4.99,Marvel,59006.0,294439.94
315140106,2014,Guardians of Galaxy,3.99,Marvel,58820.0,234691.80000000002
315140107,2014,All New X-Men,3.99,Marvel,58778.0,234524.22
315140108,2014,Guardians 3000,3.99,Marvel,58745.0,234392.55000000002
315140109,2014,Uncanny X-Men,3.99,Marvel,58670.0,234093.30000000002
315140110,2014,Uncanny X-Men,3.99,Marvel,58377.0,232924.23
315140111,2014,All New X-Men,3.99,Marvel,58367.0,232884.33000000002
315140112,2014,All New X-Men,3.99,Marvel,58212.0,232265.88
315140113,2014,Rocket Raccoon,3.99,Marvel,58158.0,232050.42
315140114,2014,Uncanny X-Men,4.99,Marvel,58028.0,289559.72000000003
315140115,2014,All New Invaders,3.99,Marvel,57953.0,231232.47
315140116,2014,Guardians of Galaxy,4.99,Marvel,57636.0,287603.64
315140117,2014,All New X-Men,3.99,Marvel,57569.0,229700.31000000003
315140118,2014,Guardians of Galaxy,3.99,Marvel,57328.0,228738.72
315140119,2014,Iron Fist Living Weapon,3.99,Marvel,57134.0,227964.66
315140120,2014,Avengers,3.99,Marvel,56897.0,227019.03
315140121,2014,Avengers,3.99,Marvel,56635.0,225973.65000000002
315140122,2014,Guardians of Galaxy,3.99,Marvel,56440.0,225195.6
315140123,2014,Origin II,3.99,Marvel,56292.0,224605.08000000002
315140124,2014,Uncanny X-Men,3.99,Marvel,56288.0,224589.12000000002
315140125,2014,Thor God of Thunder,4.99,Marvel,56217.0,280522.83
315140126,2014,Uncanny X-Men,3.99,Marvel,56122.0,223926.78
315140127,2014,Guardians of Galaxy,3.99,Marvel,55764.0,222498.36000000002
315140128,2014,Wolverine and X-Men,3.99,Marvel,55563.0,221696.37000000002
315140129,2014,Uncanny Avengers,3.99,Marvel,55525.0,221544.75
315140130,2014,Deadpool,3.99,Marvel,55502.0,221452.98
315140131,2014,Avengers World,3.99,Marvel,55501.0,221448.99000000002
315140132,2014,Rocket Raccoon,3.99,Marvel,55423.0,221137.77000000002
315140133,2014,Guardians of Galaxy,3.99,Marvel,55381.0,220970.19
315140134,2014,Uncanny X-Men,3.99,Marvel,55333.0,220778.67
315140135,2014,Deadpool Vs. X-Force,3.99,Marvel,55312.0,220694.88
315140136,2014,Edge of Spider-Verse,3.99,Marvel,55270.0,220527.30000000002
315140137,2014,Avengers,3.99,Marvel,55248.0,220439.52000000002
315140138,2014,All New X-Men,3.99,Marvel,55029.0,219565.71000000002
315140139,2014,Deadpool,3.99,Marvel,54990.0,219410.1
315140140,2014,Uncanny X-Men,3.99,Marvel,54979.0,219366.21000000002
315140141,2014,Miracleman,5.99,Marvel,54908.0,328898.92
315140142,2014,Uncanny X-Men,3.99,Marvel,54843.0,218823.57
315140143,2014,Avengers,3.99,Marvel,54694.0,218229.06
315140144,2014,All New Ghost Rider,3.99,Marvel,54582.0,217782.18000000002
315140145,2014,Uncanny X-Men,3.99,Marvel,54490.0,217415.1
315140146,2014,Avengers,3.99,Marvel,54475.0,217355.25
315140147,2014,All New X-Men,3.99,Marvel,54283.0,216589.17
315140148,2014,Uncanny Avengers,3.99,Marvel,54235.0,216397.65000000002
315140149,2014,Amazing X-Men,3.99,Marvel,53965.0,215320.35
315140150,2014,Uncanny Avengers,3.99,Marvel,53579.0,213780.21000000002
315140151,2014,Uncanny X-Men,3.99,Marvel,53502.0,213472.98
315140152,2014,Uncanny Avengers,3.99,Marvel,53487.0,213413.13
315140153,2014,Edge of Spider-Verse,3.99,Marvel,53403.0,213077.97
315140154,2014,Rocket Raccoon,3.99,Marvel,53294.0,212643.06
315140155,2014,Deadpool Vs. Carnage,3.99,Marvel,53206.0,212291.94
315140156,2014,Avengers,3.99,Marvel,53163.0,212120.37000000002
315140157,2014,Avengers,3.99,Marvel,53011.0,211513.89
315140158,2014,Wolverine,5.99,Marvel,52962.0,317242.38
315140159,2014,X-Men,3.99,Marvel,52758.0,210504.42
315140160,2014,Nightcrawler,3.99,Marvel,52665.0,210133.35
315140161,2014,Uncanny Avengers,3.99,Marvel,52651.0,210077.49000000002
315140162,2014,Avengers,3.99,Marvel,52633.0,210005.67
315140163,2014,Guardians of Galaxy,3.99,Marvel,52470.0,209355.30000000002
315140164,2014,Uncanny X-Men,3.99,Marvel,52403.0,209087.97
315140165,2014,Original Sin Annual,4.99,Marvel,52334.0,261146.66
315140166,2014,Deadpool,3.99,Marvel,52077.0,207787.23
315140167,2014,Uncanny X-Men,3.99,Marvel,52015.0,207539.85
315140168,2014,Edge of Spider-Verse,3.99,Marvel,51926.0,207184.74000000002
315140169,2014,Guardians of Galaxy Annual,4.99,Marvel,51828.0,258621.72
315140170,2014,Origin II,3.99,Marvel,51514.0,205540.86000000002
315140171,2014,Uncanny Avengers,3.99,Marvel,51511.0,205528.89
315140172,2014,Uncanny Avengers,3.99,Marvel,51481.0,205409.19
315140173,2014,Inhuman,3.99,Marvel,51017.0,203557.83000000002
315140174,2014,Wolverine,3.99,Marvel,51001.0,203493.99000000002
315140175,2014,Night of Living Deadpool,3.99,Marvel,50869.0,202967.31
315140176,2014,New Avengers,3.99,Marvel,50650.0,202093.5
315140177,2014,Wolverine,3.99,Marvel,50628.0,202005.72
315140178,2014,Original Sin,3.99,Marvel,50596.0,201878.04
315140179,2014,Deadpool,3.99,Marvel,50553.0,201706.47
315140180,2014,Deadpool,3.99,Marvel,50336.0,200840.64
315140181,2014,Uncanny Avengers,3.99,Marvel,50302.0,200704.98
315140182,2014,Death of Wolverine Logan Legacy,3.99,Marvel,50277.0,200605.23
315140183,2014,She-Hulk,2.99,Marvel,50168.0,150002.32
315140184,2014,Uncanny Avengers,3.99,Marvel,50164.0,200154.36000000002
315140185,2014,All New Captain America,3.99,Marvel,50077.0,199807.23
315140186,2014,X-Men,3.99,Marvel,50042.0,199667.58000000002
315140187,2014,Deadpool,2.99,Marvel,50037.0,149610.63
315140188,2014,Spider-Man 2099,3.99,Marvel,49999.0,199496.01
315140189,2014,Miles Morales Ultimate Spider-Man,3.99,Marvel,49926.0,199204.74000000002
315140190,2014,Avengers,3.99,Marvel,49861.0,198945.39
315140191,2014,Wolverine,3.99,Marvel,49738.0,198454.62000000002
315140192,2014,Deadpool Vs. Carnage,3.99,Marvel,49580.0,197824.2
315140193,2014,Ms Marvel,2.99,Marvel,49269.0,147314.31
315140194,2014,Elektra,3.99,Marvel,49218.0,196379.82
315140195,2014,Thanos Annual,4.99,Marvel,49145.0,245233.55000000002
315140196,2014,New Avengers,3.99,Marvel,49094.0,195885.06
315140197,2014,New Warriors,3.99,Marvel,48994.0,195486.06
315140198,2014,Daredevil,4.99,Marvel,48947.0,244245.53
315140199,2014,Death of Wolverine Deadpool and Captain America,4.99,Marvel,48936.0,244190.64
315140200,2014,Amazing X-Men,3.99,Marvel,48894.0,195087.06
315140201,2014,Storm,3.99,Marvel,48883.0,195043.17
315140202,2014,Hawkeye Vs. Deadpool,3.99,Marvel,48612.0,193961.88
315140203,2014,Cyclops,3.99,Marvel,48585.0,193854.15000000002
315140204,2014,All New X-Factor,3.99,Marvel,48512.0,193562.88
315140205,2014,Original Sin,3.99,Marvel,48403.0,193127.97
315140206,2014,Moon Knight,3.99,Marvel,48394.0,193092.06
315140207,2014,X-Men,3.99,Marvel,48332.0,192844.68000000002
315140208,2014,X-Force,3.99,Marvel,48247.0,192505.53
315140209,2014,Origin II,3.99,Marvel,48082.0,191847.18000000002
315140210,2014,Captain Marvel,3.99,Marvel,48037.0,191667.63
315140211,2014,Deadpool Vs. Carnage,3.99,Marvel,48023.0,191611.77000000002
315140212,2014,Original Sin,3.99,Marvel,47971.0,191404.29
315140213,2014,Wolverine,3.99,Marvel,47545.0,189704.55000000002
315140214,2014,Deadpool,3.99,Marvel,47510.0,189564.90000000002
315140215,2014,Deadpool,3.99,Marvel,47493.0,189497.07
315140216,2014,Hawkeye Vs. Deadpool,4.99,Marvel,47447.0,236760.53
315140217,2014,New Avengers,3.99,Marvel,47347.0,188914.53
315140218,2014,Bucky Barnes Winter Soldier,3.99,Marvel,47344.0,188902.56
315140219,2014,Loki Agent of Asgard,2.99,Marvel,47259.0,141304.41
315140220,2014,Death of Wolverine Logan Legacy,3.99,Marvel,47246.0,188511.54
315140221,2014,Avengers,3.99,Marvel,47062.0,187777.38
315140222,2014,Uncanny Avengers Annual,4.99,Marvel,46744.0,233252.56
315140223,2014,New Avengers,4.99,Marvel,46731.0,233187.69
315140224,2014,Deadpool,3.99,Marvel,46625.0,186033.75
315140225,2014,New Avengers,3.99,Marvel,46565.0,185794.35
315140226,2014,Amazing X-Men,3.99,Marvel,46515.0,185594.85
315140227,2014,100th Anniversary Special: Spider-Man,3.99,Marvel,46304.0,184752.96000000002
315140228,2014,Avengers,4.99,Marvel,46114.0,230108.86000000002
315140229,2014,Wolverine,3.99,Marvel,46055.0,183759.45
315140230,2014,New Avengers,3.99,Marvel,46035.0,183679.65000000002
315140231,2014,Uncanny X-Men Special,4.99,Marvel,45893.0,229006.07
315140232,2014,Moon Knight,3.99,Marvel,45834.0,182877.66
315140233,2014,Deadpool Vs. X-Force,3.99,Marvel,45671.0,182227.29
315140234,2014,Deadpool,2.99,Marvel,45266.0,135345.34
315140235,2014,X-Men,3.99,Marvel,45102.0,179956.98
315140236,2014,Amazing X-Men,3.99,Marvel,45010.0,179589.90000000002
315140237,2014,Savage Hulk,3.99,Marvel,44900.0,179151.0
315140238,2014,Spider-Man 2099,3.99,Marvel,44625.0,178053.75
315140239,2014,Spider-Woman,3.99,Marvel,44618.0,178025.82
315140240,2014,Death of Wolverine Weapon X Program,3.99,Marvel,44605.0,177973.95
315140241,2014,Inhuman,3.99,Marvel,44527.0,177662.73
315140242,2014,Iron Man,3.99,Marvel,44371.0,177040.29
315140243,2014,Superior Iron Man,3.99,Marvel,44124.0,176054.76
315140244,2014,Original Sin,3.99,Marvel,44103.0,175970.97
315140245,2014,All New X-Men Annual,4.99,Marvel,44052.0,219819.48
315140246,2014,Uncanny X-Men Annual,4.99,Marvel,43978.0,219450.22
315140247,2014,Hulk,3.99,Marvel,43913.0,175212.87
315140248,2014,Deadpools Art of War,3.99,Marvel,43906.0,175184.94
315140249,2014,Deathlok,3.99,Marvel,43842.0,174929.58000000002
315140250,2014,Deadpool Annual,4.99,Marvel,43811.0,218616.89
315140251,2014,Ms Marvel,2.99,Marvel,43792.0,130938.08000000002
315140252,2014,New Avengers,3.99,Marvel,43717.0,174430.83000000002
315140253,2014,Daredevil,3.99,Marvel,43626.0,174067.74000000002
315140254,2014,Deadpool,3.99,Marvel,43626.0,174067.74000000002
315140255,2014,Original Sin,3.99,Marvel,43569.0,173840.31
315140256,2014,New Avengers,3.99,Marvel,43561.0,173808.39
315140257,2014,Deadpool,3.99,Marvel,43433.0,173297.67
315140258,2014,Death of Wolverine Logan Legacy,3.99,Marvel,43429.0,173281.71000000002
315140259,2014,Death of Wolverine Life After Logan,4.99,Marvel,43367.0,216401.33000000002
315140260,2014,New Avengers,3.99,Marvel,43347.0,172954.53
315140261,2014,Original Sin,3.99,Marvel,43254.0,172583.46000000002
315140262,2014,Thor God of Thunder,3.99,Marvel,43128.0,172080.72
315140263,2014,New Avengers,3.99,Marvel,42935.0,171310.65000000002
315140264,2014,Amazing X-Men,3.99,Marvel,42923.0,171262.77000000002
315140265,2014,Night of Living Deadpool,3.99,Marvel,42728.0,170484.72
315140266,2014,X-Men,3.99,Marvel,42575.0,169874.25
315140267,2014,Original Sin,3.99,Marvel,42327.0,168884.73
315140268,2014,Moon Knight,3.99,Marvel,42230.0,168497.7
315140269,2014,Deadpool,3.99,Marvel,42198.0,168370.02000000002
315140270,2014,Deadpool,2.99,Marvel,42167.0,126079.33
315140271,2014,New Avengers,3.99,Marvel,42134.0,168114.66
315140272,2014,New Avengers,3.99,Marvel,41986.0,167524.14
315140273,2014,Silver Surfer,3.99,Marvel,41848.0,166973.52000000002
315140274,2014,Deadpool,2.99,Marvel,41726.0,124760.74
315140275,2014,Deadpool Draculas Gauntlet,3.99,Marvel,41631.0,166107.69
315140276,2014,Ultimate Spider-Man,4.99,Marvel,41625.0,207708.75
315140277,2014,Amazing X-Men,3.99,Marvel,41587.0,165932.13
315140278,2014,Original Sins,3.99,Marvel,41276.0,164691.24000000002
315140279,2014,Spider-Man 2099,3.99,Marvel,41273.0,164679.27000000002
315140280,2014,100th Anniversary Special: Guardians of the Galaxy,3.99,Marvel,41203.0,164399.97
315140281,2014,Deadpool,2.99,Marvel,41185.0,123143.15000000001
315140282,2014,Wolverine,3.99,Marvel,41163.0,164240.37
315140283,2014,Rocket Raccoon,3.99,Marvel,41154.0,164204.46000000002
315140284,2014,Wolverine and X-Men,3.99,Marvel,41143.0,164160.57
315140285,2014,Miles Morales Ultimate Spider-Man,3.99,Marvel,40932.0,163318.68000000002
315140286,2014,Guardians of Galaxy Galaxys Most Wanted,3.99,Marvel,40907.0,163218.93000000002
315140287,2014,Original Sin,3.99,Marvel,40842.0,162959.58000000002
315140288,2014,Spider-Man 2099,3.99,Marvel,40735.0,162532.65
315140289,2014,Avengers World,3.99,Marvel,40734.0,162528.66
315140290,2014,Amazing X-Men,3.99,Marvel,40723.0,162484.77000000002
315140291,2014,Kick-Ass 3,4.99,Marvel,40715.0,203167.85
315140292,2014,Legendary Star Lord,3.99,Marvel,40691.0,162357.09
315140293,2014,Magneto,3.99,Marvel,40664.0,162249.36000000002
315140294,2014,Night of Living Deadpool,3.99,Marvel,40547.0,161782.53
315140295,2014,100th Anniversary Special: X-Men,3.99,Marvel,40453.0,161407.47
315140296,2014,Hawkeye,2.99,Marvel,40425.0,120870.75000000001
315140297,2014,New Avengers,3.99,Marvel,40344.0,160972.56
315140298,2014,Daredevil,3.99,Marvel,39945.0,159380.55000000002
315140299,2014,X-Men,3.99,Marvel,39896.0,159185.04
315140300,2014,New Avengers,3.99,Marvel,39890.0,159161.1
315140301,2014,Thanos Vs. Hulk,3.99,Marvel,39862.0,159049.38
315140302,2014,New Avengers,3.99,Marvel,39855.0,159021.45
315140303,2014,Spider-Man 2099,3.99,Marvel,39771.0,158686.29
315140304,2014,Death of Wolverine Logan Legacy,3.99,Marvel,39524.0,157700.76
315140305,2014,Night of Living Deadpool,3.99,Marvel,39497.0,157593.03
315140306,2014,Hulk,3.99,Marvel,39446.0,157389.54
315140307,2014,Ms Marvel,2.99,Marvel,39387.0,117767.13
315140308,2014,Deadpool Vs. X-Force,3.99,Marvel,39373.0,157098.27000000002
315140309,2014,Deadpool Bi-Annual,4.99,Marvel,39369.0,196451.31
315140310,2014,Miracleman,4.99,Marvel,39334.0,196276.66
315140311,2014,Fantastic Four,3.99,Marvel,39273.0,156699.27000000002
315140312,2014,Deadpool Draculas Gauntlet,3.99,Marvel,39238.0,156559.62
315140313,2014,Daredevil,3.99,Marvel,39233.0,156539.67
315140314,2014,Thor God of Thunder,3.99,Marvel,39121.0,156092.79
315140315,2014,X-Men,3.99,Marvel,39100.0,156009.0
315140316,2014,Moon Knight,3.99,Marvel,38991.0,155574.09
315140317,2014,Wolverine,3.99,Marvel,38910.0,155250.9
315140318,2014,Thor God of Thunder,3.99,Marvel,38877.0,155119.23
315140319,2014,Thor God of Thunder,3.99,Marvel,38875.0,155111.25
315140320,2014,Original Sin,3.99,Marvel,38819.0,154887.81
315140321,2014,Superior Iron Man,3.99,Marvel,38806.0,154835.94
315140322,2014,Wolverine,3.99,Marvel,38717.0,154480.83000000002
315140323,2014,Daredevil,3.99,Marvel,38619.0,154089.81
315140324,2014,X-Men,3.99,Marvel,38599.0,154010.01
315140325,2014,Hawkeye Vs. Deadpool,3.99,Marvel,38577.0,153922.23
315140326,2014,Axis Carnage,3.99,Marvel,38433.0,153347.67
315140327,2014,Ms Marvel,2.99,Marvel,38366.0,114714.34000000001
315140328,2014,Thor God of Thunder,3.99,Marvel,38319.0,152892.81
315140329,2014,Deadpool Draculas Gauntlet,3.99,Marvel,38053.0,151831.47
315140330,2014,Moon Knight,3.99,Marvel,38019.0,151695.81
315140331,2014,Thor God of Thunder,3.99,Marvel,38006.0,151643.94
315140332,2014,Inhuman,3.99,Marvel,37962.0,151468.38
315140333,2014,Legendary Star Lord,3.99,Marvel,37812.0,150869.88
315140334,2014,Daredevil,3.99,Marvel,37585.0,149964.15
315140335,2014,Magneto,3.99,Marvel,37572.0,149912.28
315140336,2014,Daredevil,3.99,Marvel,37568.0,149896.32
315140337,2014,Hawkeye,2.99,Marvel,37547.0,112265.53000000001
315140338,2014,Original Sins,3.99,Marvel,37484.0,149561.16
315140339,2014,Kick-Ass 3,3.99,Marvel,37310.0,148866.9
315140340,2014,Deadpool Draculas Gauntlet,3.99,Marvel,37225.0,148527.75
315140341,2014,Miles Morales Ultimate Spider-Man,3.99,Marvel,37203.0,148439.97
315140342,2014,Wolverine Annual,4.99,Marvel,37200.0,185628.0
315140343,2014,Captain America,3.99,Marvel,37149.0,148224.51
315140344,2014,Wolverine and X-Men,3.99,Marvel,37100.0,148029.0
315140345,2014,Daredevil,3.99,Marvel,37095.0,148009.05000000002
315140346,2014,Legendary Star Lord,3.99,Marvel,36996.0,147614.04
315140347,2014,New Avengers Annual,4.99,Marvel,36990.0,184580.1
315140348,2014,Thor God of Thunder,3.99,Marvel,36961.0,147474.39
315140349,2014,Deadpools Art of War,3.99,Marvel,36832.0,146959.68000000002
315140350,2014,X-Men,3.99,Marvel,36807.0,146859.93000000002
315140351,2014,Hulk,3.99,Marvel,36802.0,146839.98
315140352,2014,Silver Surfer,3.99,Marvel,36756.0,146656.44
315140353,2014,Amazing X-Men,3.99,Marvel,36720.0,146512.80000000002
315140354,2014,Death of Wolverine Logan Legacy,3.99,Marvel,36647.0,146221.53
315140355,2014,Thor God of Thunder,3.99,Marvel,36636.0,146177.64
315140356,2014,100th Anniversary Special: Avengers,3.99,Marvel,36605.0,146053.95
315140357,2014,Amazing X-Men,3.99,Marvel,36577.0,145942.23
315140358,2014,Ms Marvel,2.99,Marvel,36482.0,109081.18000000001
315140359,2014,Scarlet Spiders,3.99,Marvel,36415.0,145295.85
315140360,2014,Hawkeye,2.99,Marvel,36360.0,108716.40000000001
315140361,2014,Wolverine and X-Men,3.99,Marvel,36322.0,144924.78
315140362,2014,Hawkeye Vs. Deadpool,3.99,Marvel,36162.0,144286.38
315140363,2014,Wolverine,3.99,Marvel,36084.0,143975.16
315140364,2014,Hawkeye,2.99,Marvel,35975.0,107565.25000000001
315140365,2014,Thanos A God Up There Listening,3.99,Marvel,35947.0,143428.53
315140366,2014,Amazing X-Men Annual,4.99,Marvel,35910.0,179190.9
315140367,2014,Hawkeye,3.99,Marvel,35896.0,143225.04
315140368,2014,Wolverine,3.99,Marvel,35862.0,143089.38
315140369,2014,Wolverine and X-Men,3.99,Marvel,35825.0,142941.75
315140370,2014,Moon Knight,3.99,Marvel,35800.0,142842.0
315140371,2014,Wolverine and X-Men,4.99,Marvel,35759.0,178437.41
315140372,2014,Nightcrawler,3.99,Marvel,35757.0,142670.43000000002
315140373,2014,Deadpool Vs. X-Force,3.99,Marvel,35731.0,142566.69
315140374,2014,X-Men,3.99,Marvel,35720.0,142522.80000000002
315140375,2014,Punisher,3.99,Marvel,35635.0,142183.65
315140376,2014,Hulk,3.99,Marvel,35445.0,141425.55000000002
315140377,2014,Black Widow,3.99,Marvel,35413.0,141297.87
315140378,2014,Spider-Verse Team Up,3.99,Marvel,35354.0,141062.46000000002
315140379,2014,Inhuman,3.99,Marvel,35267.0,140715.33000000002
315140380,2014,Magneto,3.99,Marvel,35197.0,140436.03
315140381,2014,Fantastic Four,3.99,Marvel,35158.0,140280.42
315140382,2014,Hulk,3.99,Marvel,35128.0,140160.72
315140383,2014,Captain America and Mighty Avengers,3.99,Marvel,35115.0,140108.85
315140384,2014,Original Sins,3.99,Marvel,35036.0,139793.64
315140385,2014,Avengers World,3.99,Marvel,34947.0,139438.53
315140386,2014,Secret Avengers,3.99,Marvel,34908.0,139282.92
315140387,2014,Legendary Star Lord,3.99,Marvel,34869.0,139127.31
315140388,2014,Miles Morales Ultimate Spider-Man,3.99,Marvel,34869.0,139127.31
315140389,2014,Amazing X-Men,3.99,Marvel,34831.0,138975.69
315140390,2014,Death of Wolverine Logan Legacy,3.99,Marvel,34807.0,138879.93
315140391,2014,Guardians 3000,3.99,Marvel,34783.0,138784.17
315140392,2014,All New X-Factor,3.99,Marvel,34771.0,138736.29
315140393,2014,Captain America,3.99,Marvel,34667.0,138321.33000000002
315140394,2014,Kick-Ass 3,5.99,Marvel,34538.0,206882.62
315140395,2014,Captain America,3.99,Marvel,34513.0,137706.87
315140396,2014,Hawkeye,3.99,Marvel,34456.0,137479.44
315140397,2014,Hulk,3.99,Marvel,34445.0,137435.55000000002
315140398,2014,Spider-Verse Team Up,3.99,Marvel,34408.0,137287.92
315140399,2014,Miles Morales Ultimate Spider-Man,3.99,Marvel,34356.0,137080.44
315140400,2014,Iron Fist Living Weapon,3.99,Marvel,34163.0,136310.37
315140401,2014,Daredevil,3.99,Marvel,34091.0,136023.09
315140402,2014,Ms Marvel,2.99,Marvel,34019.0,101716.81000000001
315140403,2014,Deadpool Draculas Gauntlet,3.99,Marvel,34006.0,135683.94
315140404,2014,X-Men,3.99,Marvel,33979.0,135576.21000000002
315140405,2014,Wolverine and X-Men,3.99,Marvel,33969.0,135536.31
315140406,2014,Captain America,3.99,Marvel,33946.0,135444.54
315140407,2014,All New Marvel Now Point One,5.99,Marvel,33909.0,203114.91
315140408,2014,Captain America,3.99,Marvel,33845.0,135041.55000000002
315140409,2014,Inhumanity,3.99,Marvel,33746.0,134646.54
315140410,2014,Fantastic Four,3.99,Marvel,33648.0,134255.52000000002
315140411,2014,Fantastic Four,4.99,Marvel,33571.0,167519.29
315140412,2014,Captain America,3.99,Marvel,33507.0,133692.93
315140413,2014,Hulk,3.99,Marvel,33478.0,133577.22
315140414,2014,Daredevil,4.99,Marvel,33469.0,167010.31
315140415,2014,X-Force,3.99,Marvel,33460.0,133505.4
315140416,2014,Captain America,3.99,Marvel,33417.0,133333.83000000002
315140417,2014,Death of Wolverine Weapon X Program,3.99,Marvel,33414.0,133321.86000000002
315140418,2014,All New Invaders,3.99,Marvel,33382.0,133194.18
315140419,2014,Wolverine and X-Men,3.99,Marvel,33279.0,132783.21000000002
315140420,2014,Ms Marvel,2.99,Marvel,33217.0,99318.83
315140421,2014,Miles Morales Ultimate Spider-Man,3.99,Marvel,33211.0,132511.89
315140422,2014,Fantastic Four,3.99,Marvel,33204.0,132483.96000000002
315140423,2014,Indestructible Hulk,3.99,Marvel,33193.0,132440.07
315140424,2014,Inhuman,3.99,Marvel,33186.0,132412.14
315140425,2014,Fantastic Four,3.99,Marvel,33178.0,132380.22
315140426,2014,Amazing X-Men,3.99,Marvel,33174.0,132364.26
315140427,2014,Silver Surfer,3.99,Marvel,33171.0,132352.29
315140428,2014,Deadpools Art of War,3.99,Marvel,33151.0,132272.49000000002
315140429,2014,Magneto,3.99,Marvel,33067.0,131937.33000000002
315140430,2014,Iron Patriot,3.99,Marvel,33044.0,131845.56
315140431,2014,X-Men,3.99,Marvel,32961.0,131514.39
315140432,2014,Legendary Star Lord,3.99,Marvel,32863.0,131123.37
315140433,2014,Magneto,3.99,Marvel,32803.0,130883.97
315140434,2014,Original Sins,3.99,Marvel,32726.0,130576.74
315140435,2014,Miles Morales Ultimate Spider-Man,3.99,Marvel,32712.0,130520.88
315140436,2014,Wolverine and X-Men,3.99,Marvel,32709.0,130508.91
315140437,2014,Ms Marvel,2.99,Marvel,32702.0,97778.98000000001
315140438,2014,Daredevil,3.99,Marvel,32634.0,130209.66
315140439,2014,Axis Revolutions,3.99,Marvel,32598.0,130066.02
315140440,2014,Bucky Barnes Winter Soldier,3.99,Marvel,32570.0,129954.3
315140441,2014,Avengers Undercover,2.99,Marvel,32559.0,97351.41
315140442,2014,Nightcrawler,3.99,Marvel,32530.0,129794.70000000001
315140443,2014,Deadpool Draculas Gauntlet,3.99,Marvel,32459.0,129511.41
315140444,2014,Moon Knight,3.99,Marvel,32440.0,129435.6
315140445,2014,Daredevil,2.99,Marvel,32405.0,96890.95000000001
315140446,2014,Daredevil,2.99,Marvel,32282.0,96523.18000000001
315140447,2014,Magneto,3.99,Marvel,32265.0,128737.35
315140448,2014,Axis Carnage,3.99,Marvel,32196.0,128462.04000000001
315140449,2014,Punisher,3.99,Marvel,32156.0,128302.44
315140450,2014,Loki Agent of Asgard,2.99,Marvel,32063.0,95868.37000000001
315140451,2014,All New Ghost Rider,3.99,Marvel,31974.0,127576.26000000001
315140452,2014,Magneto,3.99,Marvel,31912.0,127328.88
315140453,2014,Axis Hobgoblin,3.99,Marvel,31895.0,127261.05
315140454,2014,Black Widow,3.99,Marvel,31763.0,126734.37000000001
315140455,2014,Cyclops,3.99,Marvel,31713.0,126534.87000000001
315140456,2014,X-Men,3.99,Marvel,31560.0,125924.40000000001
315140457,2014,Savage Hulk,3.99,Marvel,31554.0,125900.46
315140458,2014,Magneto,3.99,Marvel,31532.0,125812.68000000001
315140459,2014,Indestructible Hulk,3.99,Marvel,31512.0,125732.88
315140460,2014,Deadpool Draculas Gauntlet,3.99,Marvel,31484.0,125621.16
315140461,2014,Amazing X-Men,3.99,Marvel,31468.0,125557.32
315140462,2014,Thanos A God Up There Listening,3.99,Marvel,31462.0,125533.38
315140463,2014,Miles Morales Ultimate Spider-Man,3.99,Marvel,31448.0,125477.52
315140464,2014,Magneto,3.99,Marvel,31444.0,125461.56000000001
315140465,2014,Silver Surfer,3.99,Marvel,31428.0,125397.72
315140466,2014,Daredevil,3.99,Marvel,31382.0,125214.18000000001
315140467,2014,Iron Man,3.99,Marvel,31340.0,125046.6
315140468,2014,Avengers World,3.99,Marvel,31195.0,124468.05
315140469,2014,Wolverine,3.99,Marvel,31177.0,124396.23000000001
315140470,2014,Thanos A God Up There Listening,3.99,Marvel,31144.0,124264.56000000001
315140471,2014,All New Ultimates,3.99,Marvel,31094.0,124065.06000000001
315140472,2014,Inhuman,3.99,Marvel,31021.0,123773.79000000001
315140473,2014,Savage Wolverine,3.99,Marvel,31006.0,123713.94
315140474,2014,Captain America,3.99,Marvel,30914.0,123346.86
315140475,2014,Inhumanity Spider-Man,3.99,Marvel,30877.0,123199.23000000001
315140476,2014,Fantastic Four,3.99,Marvel,30840.0,123051.6
315140477,2014,Mighty Avengers,3.99,Marvel,30657.0,122321.43000000001
315140478,2014,Iron Man,3.99,Marvel,30592.0,122062.08
315140479,2014,Mighty Avengers,3.99,Marvel,30580.0,122014.20000000001
315140480,2014,Iron Man,3.99,Marvel,30549.0,121890.51000000001
315140481,2014,All New X-Factor,3.99,Marvel,30472.0,121583.28000000001
315140482,2014,Inhuman,3.99,Marvel,30413.0,121347.87000000001
315140483,2014,Thunderbolts,2.99,Marvel,30394.0,90878.06000000001
315140484,2014,Wolverine and X-Men,3.99,Marvel,30391.0,121260.09000000001
315140485,2014,Magneto,3.99,Marvel,30387.0,121244.13
315140486,2014,She-Hulk,2.99,Marvel,30387.0,90857.13
315140487,2014,Captain America,3.99,Marvel,30382.0,121224.18000000001
315140488,2014,Captain America,3.99,Marvel,30369.0,121172.31000000001
315140489,2014,Ms Marvel,2.99,Marvel,30282.0,90543.18000000001
315140490,2014,X-Men,3.99,Marvel,30200.0,120498.0
315140491,2014,Magneto,3.99,Marvel,30167.0,120366.33
315140492,2014,Indestructible Hulk,3.99,Marvel,30146.0,120282.54000000001
315140493,2014,Thanos A God Up There Listening,3.99,Marvel,29982.0,119628.18000000001
315140494,2014,Captain Marvel,3.99,Marvel,29916.0,119364.84000000001
315140495,2014,Iron Fist Living Weapon,3.99,Marvel,29894.0,119277.06000000001
315140496,2014,Loki Agent of Asgard,2.99,Marvel,29864.0,89293.36
315140497,2014,Wolverine and X-Men,3.99,Marvel,29754.0,118718.46
315140498,2014,X-Force,3.99,Marvel,29744.0,118678.56000000001
315140499,2014,Iron Man,3.99,Marvel,29672.0,118391.28000000001
315140500,2014,Scarlet Spiders,3.99,Marvel,29628.0,118215.72
315140501,2014,Iron Man,3.99,Marvel,29553.0,117916.47
315140502,2014,Cataclysm Ultimates Last Stand,3.99,Marvel,29532.0,117832.68000000001
315140503,2014,She-Hulk,2.99,Marvel,29451.0,88058.49
315140504,2014,Black Widow,3.99,Marvel,29384.0,117242.16
315140505,2014,Death of Wolverine Weapon X Program,3.99,Marvel,29355.0,117126.45000000001
315140506,2014,Survive,3.99,Marvel,29345.0,117086.55
315140507,2014,Wolverine and X-Men,3.99,Marvel,29223.0,116599.77
315140508,2014,Original Sins,3.99,Marvel,29027.0,115817.73000000001
315140509,2014,Iron Man,3.99,Marvel,28996.0,115694.04000000001
315140510,2014,Avengers World,3.99,Marvel,28978.0,115622.22
315140511,2014,All New Ghost Rider,3.99,Marvel,28963.0,115562.37000000001
